    187904,   0.04714751,   0.05249345,   1.06426811
    187906,   0.03469121,   0.05859733,   1.07037139
    187908,   0.02846301,   0.04638958,   1.06426811
    187910,   0.04714751,   0.07080519,   1.05816483
    187912,   0.04714751,   0.05249345,   1.07647467
    187914,   0.04714751,   0.05249345,   1.07037139
    187916,   0.02846301,   0.05859733,   1.05206132
    187919,   0.02846301,   0.04638958,   1.06426811
    187921,   0.04091930,   0.05859733,   1.07037139
    187923,   0.04091930,   0.04638958,   1.07647467
    187925,   0.04714751,   0.04638958,   1.07037139
    187927,   0.03469121,   0.05249345,   1.05816483
    187929,   0.04714751,   0.05249345,   1.07037139
    187931,   0.03469121,   0.05249345,   1.05206132
    187934,   0.04714751,   0.04638958,   1.06426811
    187936,   0.02846301,   0.05859733,   1.06426811
    187938,   0.03469121,   0.04638958,   1.07037139
    187940,   0.02846301,   0.05859733,   1.06426811
    187942,   0.04714751,   0.05249345,   1.06426811
    187944,   0.03469121,   0.04638958,   1.07037139
    187947,   0.04714751,   0.05249345,   1.06426811
    187950,   0.03469121,   0.05859733,   1.05816483
    187952,   0.02846301,   0.05859733,   1.05816483
    187954,   0.04091930,   0.05249345,   1.06426811
    187956,   0.03469121,   0.05249345,   1.06426811
    187958,   0.02846301,   0.06470120,   1.06426811
    187960,   0.03469121,   0.05859733,   1.07037139
    187962,   0.03469121,   0.05249345,   1.05816483
    187964,   0.04091930,   0.05249345,   1.07037139
    187967,   0.04091930,   0.05249345,   1.06426811
    187969,   0.02846301,   0.04638958,   1.04595804
    187971,   0.02846301,   0.05249345,   1.05206132
    187973,   0.03469121,   0.05859733,   1.07647467
    187975,   0.04714751,   0.04638958,   1.06426811
    187977,   0.03469121,   0.05249345,   1.07647467
    187979,   0.04714751,   0.05249345,   1.07647467
    187982,   0.04091930,   0.05859733,   1.07037139
    187984,   0.04091930,   0.04638958,   1.07037139
    187986,   0.04091930,   0.05249345,   1.07037139
    187988,   0.04091930,   0.05249345,   1.05206132
    187991,   0.04091930,   0.04028571,   1.05816483
    187993,   0.04091930,   0.05859733,   1.05816483
    187995,   0.03469121,   0.04638958,   1.05816483
    187998,   0.04091930,   0.05249345,   1.06426811
    188000,   0.03469121,   0.04638958,   1.07037139
    188002,   0.02223480,   0.05249345,   1.04595804
    188004,   0.03469121,   0.05249345,   1.06426811
    188006,   0.03469121,   0.04638958,   1.06426811
    188008,   0.02846301,   0.05859733,   1.06426811
    188010,   0.03469121,   0.04638958,   1.07037139
    188012,   0.03469121,   0.05249345,   1.05816483
    188015,   0.04091930,   0.04638958,   1.05206132
    188017,   0.03469121,   0.04028571,   1.06426811
    188019,   0.04091930,   0.04638958,   1.06426811
    188021,   0.04091930,   0.05249345,   1.06426811
    188023,   0.04091930,   0.04638958,   1.05816483
    188025,   0.02846301,   0.05249345,   1.05206132
    188027,   0.04091930,   0.05249345,   1.05816483
    188030,   0.04091930,   0.05249345,   1.07037139
    188033,   0.04091930,   0.04028571,   1.05816483
    188035,   0.03469121,   0.05249345,   1.06426811
    188037,   0.02846301,   0.05249345,   1.07037139
    188039,   0.02846301,   0.05249345,   1.06426811
    188041,   0.03469121,   0.05859733,   1.07037139
    188043,   0.04091930,   0.04028571,   1.05816483
    188046,   0.04091930,   0.04638958,   1.05816483
    188048,   0.02846301,   0.04028571,   1.06426811
    188050,   0.03469121,   0.04638958,   1.05206132
    188052,   0.02846301,   0.04028571,   1.05206132
    188054,   0.03469121,   0.05859733,   1.06426811
    188056,   0.03469121,   0.04638958,   1.05816483
    188058,   0.04091930,   0.05249345,   1.05816483
    188060,   0.02846301,   0.04638958,   1.05816483
    188063,   0.04091930,   0.05249345,   1.05206132
    188065,   0.02846301,   0.04028571,   1.05816483
    188067,   0.02846301,   0.05249345,   1.05206132
    188069,   0.03469121,   0.05859733,   1.07037139
    188071,   0.02846301,   0.05859733,   1.05816483
    188073,   0.04091930,   0.04638958,   1.05816483
    188076,   0.03469121,   0.06470120,   1.06426811
    188079,   0.03469121,   0.04638958,   1.05816483
    188081,   0.03469121,   0.05249345,   1.07037139
    188083,   0.04091930,   0.04638958,   1.05816483
    188085,   0.04714751,   0.05249345,   1.06426811
    188087,   0.02846301,   0.05859733,   1.07037139
    188089,   0.02846301,   0.05249345,   1.05816483
    188091,   0.03469121,   0.05249345,   1.05206132
    188093,   0.02846301,   0.05249345,   1.06426811
    188096,   0.03469121,   0.04638958,   1.05206132
    188098,   0.03469121,   0.04028571,   1.05816483
    188100,   0.02223480,   0.04638958,   1.07037139
    188102,   0.04714751,   0.05249345,   1.05206132
    188104,   0.03469121,   0.05249345,   1.05816483
    188106,   0.04091930,   0.05249345,   1.05206132
    188108,   0.02846301,   0.04028571,   1.06426811
    188111,   0.04091930,   0.05249345,   1.06426811
    188113,   0.04714751,   0.04638958,   1.07037139
    188115,   0.03469121,   0.05859733,   1.06426811
    188118,   0.04091930,   0.05249345,   1.06426811
    188120,   0.03469121,   0.05249345,   1.06426811
    188122,   0.02846301,   0.04638958,   1.04595804
    188124,   0.03469121,   0.04638958,   1.05816483
    188127,   0.02846301,   0.04638958,   1.06426811
    188129,   0.03469121,   0.05249345,   1.06426811
    188131,   0.02846301,   0.04638958,   1.07037139
    188133,   0.03469121,   0.05249345,   1.05206132
    188135,   0.02846301,   0.04028571,   1.05206132
    188137,   0.02846301,   0.05859733,   1.05816483
    188139,   0.03469121,   0.04638958,   1.07037139
    188142,   0.04714751,   0.05249345,   1.06426811
    188144,   0.04714751,   0.05859733,   1.06426811
    188146,   0.02846301,   0.04638958,   1.06426811
    188148,   0.03469121,   0.05249345,   1.07647467
    188150,   0.04091930,   0.05859733,   1.05816483
    188152,   0.04091930,   0.04638958,   1.05816483
    188154,   0.03469121,   0.04028571,   1.05206132
    188157,   0.02846301,   0.05249345,   1.05816483
    188160,   0.04091930,   0.03418183,   1.07037139
    188162,   0.03469121,   0.04028571,   1.05816483
    188164,   0.04714751,   0.04638958,   1.05816483
    188166,   0.02846301,   0.05249345,   1.04595804
    188168,   0.04091930,   0.04638958,   1.05816483
    188170,   0.03469121,   0.04638958,   1.05206132
    188172,   0.03469121,   0.05249345,   1.05816483
    188175,   0.03469121,   0.05249345,   1.06426811
    188177,   0.04714751,   0.05249345,   1.06426811
    188179,   0.03469121,   0.05249345,   1.06426811
    188181,   0.04714751,   0.04638958,   1.05816483
    188183,   0.04091930,   0.04638958,   1.05816483
    188185,   0.04091930,   0.05249345,   1.05816483
    188187,   0.04091930,   0.05249345,   1.07647467
    188190,   0.04091930,   0.04638958,   1.07037139
    188192,   0.04091930,   0.04028571,   1.07037139
    188194,   0.04714751,   0.04638958,   1.06426811
    188196,   0.02846301,   0.04028571,   1.05206132
    188198,   0.02846301,   0.05249345,   1.05816483
    188200,   0.03469121,   0.05249345,   1.06426811
    188203,   0.04091930,   0.05249345,   1.05816483
    188206,   0.04091930,   0.05249345,   1.05206132
    188208,   0.03469121,   0.04638958,   1.05816483
    188210,   0.02846301,   0.05859733,   1.06426811
    188212,   0.03469121,   0.05249345,   1.06426811
    188214,   0.04091930,   0.04638958,   1.05816483
    188216,   0.03469121,   0.06470120,   1.05816483
    188218,   0.02846301,   0.04638958,   1.06426811
    188221,   0.03469121,   0.05859733,   1.05816483
    188223,   0.04091930,   0.03418183,   1.05816483
    188225,   0.03469121,   0.05249345,   1.05816483
    188227,   0.04091930,   0.04638958,   1.05206132
    188229,   0.03469121,   0.05249345,   1.06426811
    188231,   0.03469121,   0.05249345,   1.05816483
    188233,   0.04091930,   0.05249345,   1.06426811
    188235,   0.02846301,   0.04638958,   1.05816483
    188238,   0.03469121,   0.05859733,   1.05816483
    188240,   0.04091930,   0.04638958,   1.08257794
    188242,   0.02846301,   0.05249345,   1.06426811
    188244,   0.04091930,   0.05249345,   1.05816483
    188247,   0.03469121,   0.05249345,   1.05816483
    188249,   0.02846301,   0.04638958,   1.05816483
    188251,   0.02846301,   0.05859733,   1.06426811
    188254,   0.03469121,   0.04638958,   1.07037139
    188256,   0.02846301,   0.05249345,   1.07037139
    188258,   0.03469121,   0.05249345,   1.06426811
    188260,   0.04714751,   0.04638958,   1.05206132
    188262,   0.02846301,   0.05249345,   1.07037139
    188264,   0.04091930,   0.05249345,   1.06426811
    188266,   0.02846301,   0.04638958,   1.06426811
    188269,   0.03469121,   0.05249345,   1.05816483
    188271,   0.02846301,   0.05859733,   1.06426811
    188273,   0.02846301,   0.05859733,   1.07037139
    188275,   0.03469121,   0.05859733,   1.05816483
    188277,   0.04091930,   0.05859733,   1.05816483
    188279,   0.03469121,   0.04638958,   1.07647467
    188281,   0.02846301,   0.05249345,   1.05816483
    188284,   0.03469121,   0.05249345,   1.04595804
    188286,   0.04091930,   0.05859733,   1.05816483
    188289,   0.03469121,   0.04638958,   1.05816483
    188291,   0.04091930,   0.04028571,   1.05816483
    188293,   0.04091930,   0.04638958,   1.05206132
    188295,   0.03469121,   0.05249345,   1.05816483
    188297,   0.04091930,   0.04638958,   1.06426811
    188299,   0.04091930,   0.05859733,   1.06426811
    188302,   0.02846301,   0.05249345,   1.05816483
    188304,   0.03469121,   0.05249345,   1.06426811
    188306,   0.04091930,   0.04638958,   1.07037139
    188308,   0.02846301,   0.04638958,   1.06426811
    188310,   0.04091930,   0.04638958,   1.06426811
    188312,   0.03469121,   0.05249345,   1.06426811
    188314,   0.04091930,   0.04028571,   1.05206132
    188317,   0.03469121,   0.05249345,   1.06426811
    188319,   0.03469121,   0.05249345,   1.06426811
    188321,   0.04091930,   0.05859733,   1.05206132
    188323,   0.03469121,   0.04638958,   1.07037139
    188325,   0.02846301,   0.05859733,   1.06426811
    188327,   0.03469121,   0.04638958,   1.06426811
    188329,   0.03469121,   0.03418183,   1.07037139
    188332,   0.03469121,   0.05249345,   1.06426811
    188335,   0.02846301,   0.05249345,   1.06426811
    188337,   0.04091930,   0.06470120,   1.05816483
    188339,   0.03469121,   0.04638958,   1.06426811
    188341,   0.04714751,   0.04638958,   1.05816483
    188343,   0.02846301,   0.05249345,   1.06426811
    188345,   0.02846301,   0.05859733,   1.06426811
    188347,   0.03469121,   0.05249345,   1.06426811
    188349,   0.02846301,   0.05249345,   1.05206132
    188352,   0.02846301,   0.05249345,   1.05816483
    188354,   0.04091930,   0.05249345,   1.05816483
    188356,   0.03469121,   0.05249345,   1.06426811
    188358,   0.04091930,   0.04638958,   1.06426811
    188360,   0.03469121,   0.05249345,   1.07037139
    188362,   0.03469121,   0.04638958,   1.05816483
    188364,   0.04091930,   0.05249345,   1.05816483
    188367,   0.03469121,   0.06470120,   1.05816483
    188369,   0.04091930,   0.04638958,   1.06426811
    188371,   0.02223480,   0.05249345,   1.05816483
    188374,   0.04091930,   0.04638958,   1.07647467
    188376,   0.04714751,   0.04638958,   1.05816483
    188378,   0.02846301,   0.04638958,   1.06426811
    188380,   0.03469121,   0.03418183,   1.06426811
    188383,   0.02846301,   0.05249345,   1.07037139
    188385,   0.02846301,   0.05249345,   1.07037139
    188387,   0.03469121,   0.05859733,   1.05816483
    188389,   0.02846301,   0.04638958,   1.05816483
    188391,   0.04091930,   0.05249345,   1.05816483
    188393,   0.03469121,   0.05859733,   1.07037139
    188395,   0.03469121,   0.06470120,   1.06426811
    188397,   0.02846301,   0.05249345,   1.06426811
    188400,   0.05337572,   0.05249345,   1.05206132
    188402,   0.03469121,   0.04638958,   1.06426811
    188404,   0.03469121,   0.04638958,   1.05206132
    188406,   0.02846301,   0.05249345,   1.05206132
    188408,   0.04091930,   0.05249345,   1.05816483
    188410,   0.04091930,   0.04638958,   1.06426811
    188412,   0.02846301,   0.04028571,   1.07037139
    188416,   0.04091930,   0.05249345,   1.06426811
    188418,   0.04714751,   0.05249345,   1.04595804
    188420,   0.04091930,   0.05249345,   1.05206132
    188422,   0.04091930,   0.05249345,   1.05206132
    188424,   0.03469121,   0.05859733,   1.05816483
    188426,   0.04714751,   0.04638958,   1.05816483
    188428,   0.03469121,   0.05859733,   1.06426811
    188431,   0.02846301,   0.04028571,   1.05816483
    188433,   0.03469121,   0.05859733,   1.06426811
    188435,   0.03469121,   0.04638958,   1.05816483
    188437,   0.03469121,   0.04638958,   1.06426811
    188439,   0.03469121,   0.05859733,   1.07037139
    188441,   0.02846301,   0.04638958,   1.05816483
    188443,   0.02846301,   0.05859733,   1.07037139
    188445,   0.04091930,   0.05249345,   1.06426811
    188448,   0.04091930,   0.05249345,   1.05206132
    188450,   0.03469121,   0.05249345,   1.04595804
    188452,   0.03469121,   0.05859733,   1.05206132
    188454,   0.04091930,   0.04638958,   1.05816483
    188456,   0.03469121,   0.05249345,   1.05816483
    188459,   0.04091930,   0.04638958,   1.05816483
    188461,   0.04091930,   0.04638958,   1.05816483
    188464,   0.02846301,   0.05859733,   1.05816483
    188466,   0.03469121,   0.06470120,   1.05816483
    188468,   0.04091930,   0.04638958,   1.07037139
    188470,   0.04091930,   0.05859733,   1.06426811
    188472,   0.03469121,   0.04638958,   1.06426811
    188474,   0.04714751,   0.05249345,   1.06426811
    188476,   0.02846301,   0.04638958,   1.05816483
    188479,   0.02846301,   0.05249345,   1.06426811
    188481,   0.04091930,   0.05249345,   1.05816483
    188483,   0.04091930,   0.05249345,   1.05816483
    188485,   0.03469121,   0.04638958,   1.05816483
    188487,   0.04091930,   0.04638958,   1.05206132
    188489,   0.03469121,   0.04638958,   1.06426811
    188491,   0.02846301,   0.05859733,   1.05206132
    188494,   0.04091930,   0.04638958,   1.06426811
    188496,   0.04091930,   0.05249345,   1.07647467
    188498,   0.04091930,   0.04638958,   1.06426811
    188500,   0.03469121,   0.05249345,   1.06426811
    188503,   0.04714751,   0.04638958,   1.05816483
    188505,   0.03469121,   0.04638958,   1.06426811
    188507,   0.02846301,   0.05249345,   1.06426811
    188509,   0.03469121,   0.04638958,   1.05206132
    188512,   0.04091930,   0.05859733,   1.05816483
    188514,   0.03469121,   0.04028571,   1.04595804
    188516,   0.03469121,   0.04028571,   1.05816483
    188518,   0.03469121,   0.05249345,   1.05206132
    188520,   0.04091930,   0.04638958,   1.05206132
    188522,   0.04091930,   0.05249345,   1.05816483
    188524,   0.04714751,   0.05859733,   1.05816483
    188527,   0.04091930,   0.04638958,   1.05816483
    188529,   0.04091930,   0.05249345,   1.05816483
    188531,   0.04714751,   0.04638958,   1.07037139
    188533,   0.03469121,   0.05859733,   1.04595804
    188535,   0.03469121,   0.05249345,   1.06426811
    188537,   0.02223480,   0.05859733,   1.05816483
    188539,   0.04091930,   0.05859733,   1.05816483
    188541,   0.02846301,   0.05249345,   1.06426811
    188545,   0.04091930,   0.05249345,   1.06426811
    188547,   0.04091930,   0.05859733,   1.06426811
    188549,   0.04091930,   0.04638958,   1.06426811
    188551,   0.03469121,   0.05249345,   1.07037139
    188553,   0.03469121,   0.05859733,   1.06426811
    188555,   0.02846301,   0.04028571,   1.06426811
    188557,   0.03469121,   0.04638958,   1.06426811
    188560,   0.03469121,   0.05249345,   1.07037139
    188562,   0.04091930,   0.06470120,   1.06426811
    188564,   0.02846301,   0.04638958,   1.05816483
    188566,   0.04091930,   0.05249345,   1.05816483
    188568,   0.03469121,   0.05249345,   1.05816483
    188570,   0.03469121,   0.04638958,   1.05816483
    188572,   0.02846301,   0.05249345,   1.05206132
    188574,   0.03469121,   0.05249345,   1.05816483
    188577,   0.04091930,   0.05249345,   1.05816483
    188579,   0.04091930,   0.04638958,   1.05816483
    188581,   0.04091930,   0.05249345,   1.06426811
    188583,   0.03469121,   0.05249345,   1.06426811
    188585,   0.02846301,   0.04028571,   1.06426811
    188588,   0.04714751,   0.05249345,   1.05816483
    188590,   0.03469121,   0.05859733,   1.06426811
    188593,   0.04714751,   0.05249345,   1.07037139
    188595,   0.04091930,   0.05859733,   1.06426811
    188597,   0.02846301,   0.05859733,   1.05816483
    188599,   0.04091930,   0.05859733,   1.05816483
    188601,   0.04714751,   0.04638958,   1.05816483
    188603,   0.03469121,   0.04638958,   1.05816483
    188605,   0.04714751,   0.04638958,   1.05816483
    188608,   0.04091930,   0.05859733,   1.05816483
    188610,   0.04091930,   0.04638958,   1.06426811
    188612,   0.02846301,   0.05249345,   1.05816483
    188614,   0.04091930,   0.04638958,   1.07037139
    188616,   0.05337572,   0.05859733,   1.05206132
    188618,   0.03469121,   0.04638958,   1.07647467
    188620,   0.04714751,   0.04638958,   1.05816483
    188623,   0.02846301,   0.05249345,   1.06426811
    188625,   0.03469121,   0.04638958,   1.07647467
    188627,   0.03469121,   0.04638958,   1.06426811
    188630,   0.02846301,   0.04638958,   1.06426811
    188632,   0.04091930,   0.04638958,   1.05206132
    188634,   0.02223480,   0.04638958,   1.05816483
    188636,   0.03469121,   0.05249345,   1.05206132
    188639,   0.02846301,   0.05859733,   1.05816483
    188641,   0.02223480,   0.06470120,   1.06426811
    188643,   0.03469121,   0.05859733,   1.05816483
    188645,   0.04091930,   0.05859733,   1.06426811
    188647,   0.02846301,   0.04638958,   1.07037139
    188649,   0.03469121,   0.05249345,   1.05816483
    188651,   0.03469121,   0.05249345,   1.06426811
    188653,   0.02846301,   0.05859733,   1.05816483
    188656,   0.04091930,   0.05249345,   1.05206132
    188658,   0.03469121,   0.05859733,   1.06426811
    188660,   0.02846301,   0.05859733,   1.05816483
    188662,   0.04091930,   0.05859733,   1.05816483
    188664,   0.02846301,   0.05249345,   1.07647467
    188666,   0.03469121,   0.05859733,   1.05816483
    188668,   0.04091930,   0.04638958,   1.05816483
    188672,   0.04714751,   0.06470120,   1.07037139
    188674,   0.05337572,   0.04638958,   1.05816483
    188676,   0.03469121,   0.05859733,   1.05816483
    188678,   0.05337572,   0.05249345,   1.06426811
    188680,   0.02846301,   0.04638958,   1.05816483
    188682,   0.03469121,   0.04638958,   1.06426811
    188684,   0.04091930,   0.04638958,   1.06426811
    188687,   0.03469121,   0.04028571,   1.06426811
    188689,   0.03469121,   0.04638958,   1.06426811
    188691,   0.04714751,   0.05249345,   1.06426811
    188693,   0.02223480,   0.05249345,   1.05816483
    188695,   0.03469121,   0.05249345,   1.07037139
    188697,   0.02846301,   0.04638958,   1.05816483
    188699,   0.02846301,   0.05249345,   1.05816483
    188702,   0.03469121,   0.04028571,   1.05206132
    188704,   0.03469121,   0.05859733,   1.05816483
    188706,   0.04091930,   0.05859733,   1.06426811
    188708,   0.04091930,   0.05859733,   1.06426811
    188710,   0.03469121,   0.04638958,   1.06426811
    188712,   0.02846301,   0.04638958,   1.05206132
    188715,   0.02846301,   0.04638958,   1.05816483
    188717,   0.02846301,   0.05249345,   1.05206132
    188720,   0.02223480,   0.05249345,   1.06426811
    188722,   0.03469121,   0.05249345,   1.05206132
    188724,   0.04091930,   0.05859733,   1.05816483
    188726,   0.02846301,   0.05249345,   1.06426811
    188728,   0.02846301,   0.05859733,   1.05816483
    188730,   0.04091930,   0.04638958,   1.05816483
    188732,   0.02223480,   0.05249345,   1.05816483
    188735,   0.03469121,   0.04638958,   1.05206132
    188737,   0.03469121,   0.05249345,   1.05816483
    188739,   0.03469121,   0.04028571,   1.06426811
    188741,   0.03469121,   0.04028571,   1.06426811
    188743,   0.04091930,   0.04638958,   1.06426811
    188745,   0.04091930,   0.04638958,   1.06426811
    188747,   0.04091930,   0.04028571,   1.07037139
    188750,   0.03469121,   0.04028571,   1.06426811
    188752,   0.03469121,   0.05249345,   1.05206132
    188754,   0.03469121,   0.04638958,   1.06426811
    188756,   0.02846301,   0.05249345,   1.07037139
    188759,   0.02846301,   0.04638958,   1.07037139
    188761,   0.04091930,   0.06470120,   1.05816483
    188763,   0.02846301,   0.06470120,   1.07037139
    188765,   0.04714751,   0.04638958,   1.05816483
    188768,   0.03469121,   0.04638958,   1.05816483
    188770,   0.03469121,   0.05249345,   1.05816483
    188772,   0.02846301,   0.05249345,   1.07647467
    188774,   0.03469121,   0.04638958,   1.05816483
    188776,   0.02846301,   0.05249345,   1.05206132
    188778,   0.04714751,   0.05249345,   1.05206132
    188780,   0.03469121,   0.05859733,   1.06426811
    188783,   0.03469121,   0.05249345,   1.06426811
    188785,   0.03469121,   0.04638958,   1.05816483
    188787,   0.03469121,   0.04638958,   1.06426811
    188789,   0.04091930,   0.04638958,   1.05816483
    188791,   0.04714751,   0.04638958,   1.06426811
    188793,   0.02846301,   0.04638958,   1.05816483
    188795,   0.04091930,   0.04638958,   1.05816483
    188797,   0.04091930,   0.06470120,   1.05816483
    188801,   0.04091930,   0.04638958,   1.06426811
    188803,   0.03469121,   0.05249345,   1.05816483
    188805,   0.03469121,   0.05249345,   1.05816483
    188807,   0.03469121,   0.06470120,   1.05816483
    188809,   0.04091930,   0.04028571,   1.06426811
    188811,   0.04091930,   0.05859733,   1.07037139
    188813,   0.03469121,   0.04638958,   1.05816483
    188816,   0.03469121,   0.05249345,   1.05816483
    188818,   0.03469121,   0.05859733,   1.05816483
    188820,   0.02223480,   0.04638958,   1.06426811
    188822,   0.04091930,   0.04638958,   1.05816483
    188824,   0.02846301,   0.05249345,   1.06426811
    188826,   0.03469121,   0.04638958,   1.07037139
    188828,   0.02846301,   0.04638958,   1.05816483
    188831,   0.02846301,   0.05249345,   1.05816483
    188833,   0.03469121,   0.04638958,   1.05816483
    188835,   0.02846301,   0.04638958,   1.06426811
    188837,   0.03469121,   0.05249345,   1.06426811
    188839,   0.04091930,   0.05859733,   1.07037139
    188841,   0.04714751,   0.05859733,   1.06426811
    188844,   0.04091930,   0.04638958,   1.06426811
    188846,   0.04091930,   0.04638958,   1.07037139
    188849,   0.02846301,   0.05859733,   1.06426811
    188851,   0.03469121,   0.05249345,   1.06426811
    188853,   0.02223480,   0.04028571,   1.07037139
    188855,   0.04091930,   0.05249345,   1.06426811
    188857,   0.03469121,   0.05859733,   1.05206132
    188859,   0.03469121,   0.04638958,   1.07037139
    188861,   0.04091930,   0.04638958,   1.05206132
    188864,   0.04091930,   0.05859733,   1.05816483
    188866,   0.02846301,   0.05249345,   1.06426811
    188868,   0.03469121,   0.04638958,   1.05816483
    188870,   0.04091930,   0.05249345,   1.05816483
    188872,   0.03469121,   0.04028571,   1.04595804
    188874,   0.03469121,   0.04028571,   1.06426811
    188876,   0.03469121,   0.05249345,   1.05816483
    188879,   0.04091930,   0.04638958,   1.05816483
    188881,   0.04091930,   0.05249345,   1.06426811
    188883,   0.04714751,   0.04638958,   1.05206132
    188886,   0.02846301,   0.04638958,   1.06426811
    188888,   0.03469121,   0.05859733,   1.05816483
    188890,   0.03469121,   0.05249345,   1.05206132
    188892,   0.03469121,   0.05249345,   1.05816483
    188894,   0.02223480,   0.04638958,   1.05206132
    188897,   0.03469121,   0.04028571,   1.05816483
    188899,   0.03469121,   0.04638958,   1.05206132
    188901,   0.03469121,   0.04638958,   1.05816483
    188903,   0.04091930,   0.04638958,   1.05816483
    188905,   0.03469121,   0.04638958,   1.06426811
    188907,   0.03469121,   0.05249345,   1.05816483
    188909,   0.04091930,   0.04638958,   1.06426811
    188911,   0.02846301,   0.05249345,   1.06426811
    188914,   0.04091930,   0.04028571,   1.05816483
    188916,   0.02846301,   0.06470120,   1.05206132
    188918,   0.03469121,   0.05249345,   1.05816483
    188920,   0.02223480,   0.06470120,   1.06426811
    188922,   0.02846301,   0.04638958,   1.05816483
    188924,   0.03469121,   0.05859733,   1.05206132
    188926,   0.02846301,   0.04638958,   1.07037139
    188930,   0.03469121,   0.04638958,   1.05816483
    188932,   0.04714751,   0.05249345,   1.04595804
    188934,   0.03469121,   0.05249345,   1.07037139
    188936,   0.04091930,   0.04638958,   1.06426811
    188938,   0.02846301,   0.05859733,   1.05816483
    188940,   0.03469121,   0.04638958,   1.07037139
    188942,   0.04091930,   0.05249345,   1.05816483
    188945,   0.02846301,   0.05249345,   1.07037139
    188947,   0.02846301,   0.05249345,   1.06426811
    188949,   0.03469121,   0.04028571,   1.06426811
    188951,   0.03469121,   0.04028571,   1.07037139
    188953,   0.02846301,   0.05249345,   1.07037139
    188955,   0.02846301,   0.04028571,   1.06426811
    188957,   0.03469121,   0.05249345,   1.06426811
    188959,   0.04714751,   0.04638958,   1.06426811
    188962,   0.02846301,   0.04638958,   1.05816483
    188964,   0.03469121,   0.05859733,   1.07037139
    188966,   0.02846301,   0.04638958,   1.06426811
    188968,   0.04091930,   0.04638958,   1.05816483
    188971,   0.01600659,   0.05249345,   1.07037139
    188973,   0.03469121,   0.05249345,   1.06426811
    188975,   0.03469121,   0.05249345,   1.05816483
    188978,   0.03469121,   0.04638958,   1.05816483
    188980,   0.02846301,   0.05249345,   1.03985476
    188982,   0.04091930,   0.04638958,   1.05816483
    188984,   0.03469121,   0.05249345,   1.06426811
    188986,   0.02223480,   0.05859733,   1.06426811
    188988,   0.03469121,   0.05249345,   1.05816483
    188990,   0.03469121,   0.04638958,   1.06426811
    188993,   0.03469121,   0.05859733,   1.07037139
    188995,   0.03469121,   0.04028571,   1.06426811
    188997,   0.03469121,   0.04028571,   1.06426811
    188999,   0.04714751,   0.05249345,   1.06426811
    189001,   0.04091930,   0.04638958,   1.06426811
    189003,   0.04091930,   0.05859733,   1.05206132
    189005,   0.04091930,   0.05249345,   1.05816483
    189008,   0.03469121,   0.04638958,   1.05206132
    189010,   0.02846301,   0.05859733,   1.06426811
    189012,   0.02223480,   0.05249345,   1.06426811
    189015,   0.04091930,   0.05249345,   1.07037139
    189017,   0.03469121,   0.04638958,   1.06426811
    189019,   0.02846301,   0.04638958,   1.05816483
    189021,   0.03469121,   0.05249345,   1.07037139
    189023,   0.04091930,   0.05859733,   1.04595804
    189026,   0.03469121,   0.06470120,   1.05816483
    189028,   0.03469121,   0.05859733,   1.06426811
    189030,   0.02846301,   0.04638958,   1.05816483
    189032,   0.02846301,   0.05249345,   1.05816483
    189034,   0.03469121,   0.04638958,   1.05816483
    189036,   0.03469121,   0.05249345,   1.07037139
    189038,   0.04091930,   0.06470120,   1.06426811
    189041,   0.02846301,   0.05249345,   1.06426811
    189043,   0.03469121,   0.04638958,   1.05816483
    189045,   0.04091930,   0.03418183,   1.06426811
    189047,   0.03469121,   0.05249345,   1.07037139
    189049,   0.03469121,   0.04638958,   1.05816483
    189051,   0.02223480,   0.05859733,   1.05816483
    189053,   0.04091930,   0.04638958,   1.05816483
    189057,   0.02846301,   0.05859733,   1.06426811
    189059,   0.03469121,   0.04638958,   1.05816483
    189061,   0.04091930,   0.04638958,   1.06426811
    189063,   0.03469121,   0.04638958,   1.06426811
    189065,   0.04714751,   0.05859733,   1.06426811
    189067,   0.03469121,   0.05249345,   1.06426811
    189069,   0.03469121,   0.05249345,   1.06426811
    189071,   0.04091930,   0.04638958,   1.07037139
    189074,   0.02846301,   0.05859733,   1.05816483
    189076,   0.04714751,   0.04638958,   1.06426811
    189078,   0.03469121,   0.05859733,   1.05816483
    189080,   0.03469121,   0.04638958,   1.06426811
    189082,   0.02846301,   0.05249345,   1.05816483
    189084,   0.03469121,   0.04638958,   1.06426811
    189086,   0.03469121,   0.05249345,   1.07037139
    189089,   0.03469121,   0.06470120,   1.06426811
    189091,   0.04091930,   0.05249345,   1.05206132
    189093,   0.02223480,   0.05859733,   1.05206132
    189095,   0.04091930,   0.05859733,   1.06426811
    189097,   0.03469121,   0.05859733,   1.06426811
    189100,   0.03469121,   0.04638958,   1.05816483
    189102,   0.03469121,   0.04638958,   1.05816483
    189105,   0.04091930,   0.04638958,   1.06426811
    189107,   0.03469121,   0.04028571,   1.05816483
    189109,   0.03469121,   0.05249345,   1.05206132
    189111,   0.03469121,   0.04638958,   1.07037139
    189113,   0.02846301,   0.04638958,   1.05816483
    189115,   0.02846301,   0.05859733,   1.05206132
    189117,   0.03469121,   0.05249345,   1.05816483
    189120,   0.03469121,   0.04028571,   1.05816483
    189122,   0.03469121,   0.05249345,   1.06426811
    189124,   0.03469121,   0.05249345,   1.05816483
    189126,   0.04091930,   0.04638958,   1.07037139
    189128,   0.03469121,   0.04638958,   1.06426811
    189130,   0.02846301,   0.05249345,   1.06426811
    189132,   0.04091930,   0.05859733,   1.05816483
    189135,   0.04714751,   0.04028571,   1.05206132
    189137,   0.02846301,   0.04028571,   1.05816483
    189139,   0.04091930,   0.04638958,   1.06426811
    189142,   0.03469121,   0.04638958,   1.07037139
    189144,   0.03469121,   0.05859733,   1.07037139
    189146,   0.02846301,   0.05249345,   1.07647467
    189148,   0.04091930,   0.05859733,   1.05206132
    189150,   0.04091930,   0.05249345,   1.06426811
    189153,   0.02846301,   0.05859733,   1.05816483
    189155,   0.04091930,   0.04028571,   1.06426811
    189157,   0.03469121,   0.04028571,   1.07037139
    189159,   0.02846301,   0.04638958,   1.04595804
    189161,   0.02846301,   0.05859733,   1.07037139
    189163,   0.02846301,   0.05249345,   1.07037139
    189165,   0.04091930,   0.05249345,   1.07037139
    189168,   0.03469121,   0.04638958,   1.06426811
    189170,   0.02846301,   0.03418183,   1.07037139
    189172,   0.02846301,   0.05249345,   1.05816483
    189174,   0.02846301,   0.05859733,   1.07037139
    189176,   0.03469121,   0.05859733,   1.05816483
    189178,   0.02846301,   0.04638958,   1.06426811
    189180,   0.04714751,   0.06470120,   1.05816483
    189182,   0.04091930,   0.05249345,   1.07037139
    189186,   0.03469121,   0.05249345,   1.05816483
    189188,   0.03469121,   0.05859733,   1.05816483
    189190,   0.04091930,   0.04638958,   1.05816483
    189192,   0.02223480,   0.05859733,   1.07037139
    189194,   0.04714751,   0.05859733,   1.06426811
    189196,   0.02846301,   0.05249345,   1.05206132
    189198,   0.04091930,   0.05249345,   1.07037139
    189201,   0.02846301,   0.05249345,   1.06426811
    189203,   0.02846301,   0.05859733,   1.05816483
    189205,   0.02846301,   0.05249345,   1.05816483
    189207,   0.02846301,   0.04638958,   1.04595804
    189209,   0.02846301,   0.04638958,   1.07037139
    189211,   0.04091930,   0.05859733,   1.06426811
    189213,   0.04714751,   0.04638958,   1.05816483
    189216,   0.03469121,   0.04638958,   1.06426811
    189218,   0.02846301,   0.04638958,   1.07037139
    189220,   0.03469121,   0.05249345,   1.05816483
    189222,   0.03469121,   0.05249345,   1.07037139
    189224,   0.04091930,   0.05249345,   1.06426811
    189227,   0.04091930,   0.05249345,   1.07037139
    189229,   0.03469121,   0.05859733,   1.05816483
    189232,   0.03469121,   0.05859733,   1.06426811
    189234,   0.04714751,   0.05249345,   1.05816483
    189236,   0.02846301,   0.05249345,   1.07037139
    189238,   0.03469121,   0.05249345,   1.06426811
    189240,   0.04091930,   0.04638958,   1.05816483
    189242,   0.03469121,   0.04638958,   1.05816483
    189244,   0.04091930,   0.05249345,   1.05206132
    189246,   0.03469121,   0.05249345,   1.05816483
    189249,   0.02846301,   0.05859733,   1.05816483
    189251,   0.02846301,   0.05249345,   1.06426811
    189253,   0.02846301,   0.05249345,   1.06426811
    189255,   0.04714751,   0.05249345,   1.05816483
    189257,   0.04091930,   0.04638958,   1.05206132
    189259,   0.03469121,   0.04028571,   1.05206132
    189261,   0.04714751,   0.05249345,   1.05816483
    189264,   0.03469121,   0.04638958,   1.06426811
    189266,   0.03469121,   0.05859733,   1.06426811
    189268,   0.04714751,   0.05249345,   1.06426811
    189271,   0.03469121,   0.05859733,   1.07037139
    189273,   0.04091930,   0.05859733,   1.04595804
    189275,   0.02846301,   0.05859733,   1.06426811
    189277,   0.03469121,   0.05859733,   1.05206132
    189280,   0.04091930,   0.05859733,   1.05206132
    189282,   0.04091930,   0.05249345,   1.06426811
    189284,   0.03469121,   0.06470120,   1.05816483
    189286,   0.04091930,   0.04028571,   1.05816483
    189288,   0.03469121,   0.05249345,   1.05206132
    189290,   0.04091930,   0.05249345,   1.06426811
    189292,   0.03469121,   0.04638958,   1.05816483
    189294,   0.04091930,   0.05249345,   1.06426811
    189297,   0.04714751,   0.04638958,   1.06426811
    189299,   0.03469121,   0.04638958,   1.05816483
    189301,   0.03469121,   0.05249345,   1.05206132
    189303,   0.03469121,   0.04638958,   1.07037139
    189305,   0.02846301,   0.05249345,   1.06426811
    189307,   0.03469121,   0.05249345,   1.05816483
    189309,   0.03469121,   0.05859733,   1.05816483
    189313,   0.03469121,   0.05249345,   1.05206132
    189315,   0.03469121,   0.04638958,   1.06426811
    189317,   0.04091930,   0.04028571,   1.06426811
    189319,   0.03469121,   0.05249345,   1.06426811
    189321,   0.03469121,   0.05249345,   1.04595804
    189323,   0.02223480,   0.04638958,   1.06426811
    189325,   0.03469121,   0.04028571,   1.05816483
    189327,   0.02846301,   0.05249345,   1.05206132
    189330,   0.02846301,   0.07080519,   1.07037139
    189332,   0.03469121,   0.05249345,   1.07647467
    189334,   0.04091930,   0.04638958,   1.07037139
    189336,   0.04091930,   0.04638958,   1.07037139
    189338,   0.03469121,   0.05249345,   1.06426811
    189340,   0.03469121,   0.05249345,   1.05816483
    189342,   0.04091930,   0.06470120,   1.05816483
    189345,   0.03469121,   0.05859733,   1.05816483
    189347,   0.03469121,   0.05249345,   1.05206132
    189349,   0.03469121,   0.04638958,   1.05816483
    189351,   0.03469121,   0.04638958,   1.05206132
    189353,   0.03469121,   0.04638958,   1.05816483
    189356,   0.02223480,   0.04638958,   1.05816483
    189358,   0.04091930,   0.04028571,   1.05206132
    189361,   0.04091930,   0.04638958,   1.06426811
    189363,   0.04091930,   0.04638958,   1.07037139
    189365,   0.03469121,   0.04028571,   1.05206132
    189367,   0.03469121,   0.05249345,   1.06426811
    189369,   0.03469121,   0.04638958,   1.06426811
    189371,   0.03469121,   0.04638958,   1.07037139
    189373,   0.03469121,   0.05859733,   1.05816483
    189375,   0.02846301,   0.06470120,   1.05816483
    189378,   0.02846301,   0.05249345,   1.06426811
    189380,   0.03469121,   0.05249345,   1.05816483
    189382,   0.03469121,   0.05859733,   1.05816483
    189384,   0.03469121,   0.04638958,   1.05206132
    189386,   0.02846301,   0.04638958,   1.05816483
    189388,   0.04091930,   0.05859733,   1.05206132
    189390,   0.03469121,   0.05249345,   1.05816483
    189393,   0.03469121,   0.05249345,   1.07037139
    189395,   0.04091930,   0.05249345,   1.06426811
    189398,   0.04091930,   0.05249345,   1.05206132
    189400,   0.03469121,   0.05249345,   1.06426811
    189402,   0.03469121,   0.05249345,   1.05206132
    189404,   0.02846301,   0.05859733,   1.05816483
    189406,   0.03469121,   0.05859733,   1.06426811
    189408,   0.04091930,   0.05859733,   1.05816483
    189411,   0.03469121,   0.06470120,   1.07037139
    189413,   0.04714751,   0.04638958,   1.05816483
    189415,   0.04091930,   0.05249345,   1.07037139
    189417,   0.02846301,   0.05249345,   1.06426811
    189419,   0.04091930,   0.05249345,   1.07037139
    189421,   0.04714751,   0.04638958,   1.07037139
    189423,   0.04091930,   0.04638958,   1.05816483
    189426,   0.02846301,   0.04638958,   1.06426811
    189428,   0.04091930,   0.04638958,   1.05816483
    189430,   0.04091930,   0.04638958,   1.05206132
    189432,   0.03469121,   0.04638958,   1.05816483
    189434,   0.04714751,   0.04638958,   1.06426811
    189436,   0.04091930,   0.05249345,   1.06426811
    189438,   0.02846301,   0.04638958,   1.05816483
    189442,   0.03469121,   0.04638958,   1.05206132
    189444,   0.02223480,   0.05859733,   1.06426811
    189446,   0.03469121,   0.05249345,   1.06426811
    189448,   0.03469121,   0.04638958,   1.05816483
    189450,   0.03469121,   0.05249345,   1.05206132
    189452,   0.02846301,   0.05249345,   1.06426811
    189454,   0.02846301,   0.04638958,   1.05816483
    189456,   0.03469121,   0.05249345,   1.05206132
    189459,   0.04714751,   0.04638958,   1.05816483
    189461,   0.04091930,   0.05249345,   1.06426811
    189463,   0.02846301,   0.05859733,   1.05206132
    189465,   0.03469121,   0.04638958,   1.05816483
    189467,   0.04714751,   0.05249345,   1.06426811
    189469,   0.03469121,   0.04638958,   1.07037139
    189471,   0.02223480,   0.05249345,   1.05816483
    189474,   0.02846301,   0.05249345,   1.06426811
    189476,   0.04091930,   0.04638958,   1.06426811
    189478,   0.03469121,   0.05859733,   1.06426811
    189480,   0.04091930,   0.04638958,   1.06426811
    189483,   0.04714751,   0.05249345,   1.04595804
    189485,   0.02846301,   0.04028571,   1.05206132
    189487,   0.03469121,   0.05249345,   1.05816483
    189490,   0.04091930,   0.05249345,   1.05816483
    189492,   0.03469121,   0.05249345,   1.06426811
    189494,   0.04091930,   0.04638958,   1.05816483
    189496,   0.04091930,   0.05249345,   1.06426811
    189498,   0.03469121,   0.05859733,   1.05206132
    189500,   0.02223480,   0.05249345,   1.04595804
    189502,   0.04091930,   0.04638958,   1.04595804
    189504,   0.02846301,   0.04638958,   1.05816483
    189507,   0.03469121,   0.05859733,   1.07037139
    189509,   0.03469121,   0.05859733,   1.07037139
    189511,   0.04091930,   0.05249345,   1.05816483
    189513,   0.04091930,   0.04638958,   1.05816483
    189515,   0.02223480,   0.05859733,   1.06426811
    189517,   0.02846301,   0.05249345,   1.05816483
    189519,   0.04091930,   0.05859733,   1.06426811
    189522,   0.04714751,   0.05859733,   1.05816483
    189524,   0.03469121,   0.04638958,   1.06426811
    189527,   0.03469121,   0.04638958,   1.05816483
    189529,   0.04091930,   0.04638958,   1.05816483
    189531,   0.04091930,   0.04028571,   1.07037139
    189533,   0.02223480,   0.04638958,   1.05816483
    189535,   0.02846301,   0.05249345,   1.06426811
    189538,   0.03469121,   0.05249345,   1.05816483
    189540,   0.03469121,   0.05249345,   1.06426811
    189542,   0.04091930,   0.04638958,   1.06426811
    189544,   0.03469121,   0.04638958,   1.07037139
    189546,   0.02846301,   0.05249345,   1.07037139
    189548,   0.03469121,   0.04638958,   1.07037139
    189550,   0.02846301,   0.04638958,   1.05816483
    189552,   0.04091930,   0.04638958,   1.07037139
    189555,   0.03469121,   0.05249345,   1.05816483
    189557,   0.03469121,   0.04638958,   1.05816483
    189559,   0.04091930,   0.05859733,   1.06426811
    189561,   0.04091930,   0.05249345,   1.05206132
    189563,   0.04091930,   0.05859733,   1.05816483
    189565,   0.04091930,   0.04638958,   1.05816483
    189568,   0.03469121,   0.05249345,   1.06426811
    189571,   0.04714751,   0.04638958,   1.05206132
    189573,   0.03469121,   0.05249345,   1.07647467
    189575,   0.04091930,   0.05249345,   1.06426811
    189577,   0.03469121,   0.05249345,   1.07037139
    189579,   0.02846301,   0.05249345,   1.06426811
    189581,   0.03469121,   0.05249345,   1.06426811
    189583,   0.03469121,   0.05249345,   1.05816483
    189586,   0.04091930,   0.06470120,   1.03985476
    189588,   0.03469121,   0.05249345,   1.05816483
    189590,   0.04091930,   0.04638958,   1.04595804
    189592,   0.03469121,   0.05249345,   1.05816483
    189594,   0.02846301,   0.05249345,   1.05816483
    189596,   0.03469121,   0.04028571,   1.06426811
    189598,   0.03469121,   0.04638958,   1.07037139
    189600,   0.03469121,   0.04028571,   1.06426811
    189603,   0.04714751,   0.05859733,   1.05816483
    189605,   0.04091930,   0.05249345,   1.05816483
    189607,   0.02846301,   0.04638958,   1.05816483
    189609,   0.04091930,   0.04028571,   1.05816483
    189612,   0.02223480,   0.05859733,   1.07037139
    189614,   0.03469121,   0.04638958,   1.06426811
    189616,   0.03469121,   0.04638958,   1.06426811
    189619,   0.03469121,   0.05859733,   1.06426811
    189621,   0.04091930,   0.05249345,   1.07037139
    189623,   0.04091930,   0.04028571,   1.05816483
    189625,   0.02846301,   0.05249345,   1.05816483
    189627,   0.03469121,   0.04638958,   1.06426811
    189629,   0.04091930,   0.05859733,   1.05816483
    189631,   0.02846301,   0.05249345,   1.07037139
    189633,   0.04091930,   0.04638958,   1.05816483
    189636,   0.03469121,   0.04638958,   1.06426811
    189638,   0.02846301,   0.05859733,   1.05816483
    189640,   0.03469121,   0.05249345,   1.06426811
    189642,   0.03469121,   0.05249345,   1.05206132
    189644,   0.02223480,   0.05249345,   1.06426811
    189646,   0.02846301,   0.05249345,   1.05206132
    189648,   0.04091930,   0.05249345,   1.05206132
    189651,   0.03469121,   0.05859733,   1.05816483
    189654,   0.04091930,   0.05249345,   1.06426811
    189656,   0.04091930,   0.04638958,   1.05816483
    189658,   0.04091930,   0.04638958,   1.06426811
    189660,   0.04091930,   0.05859733,   1.05816483
    189662,   0.04091930,   0.05859733,   1.06426811
    189664,   0.03469121,   0.04638958,   1.06426811
    189666,   0.04091930,   0.05859733,   1.06426811
    189669,   0.03469121,   0.05859733,   1.05816483
    189671,   0.04091930,   0.05859733,   1.06426811
    189673,   0.03469121,   0.04638958,   1.05206132
    189675,   0.04091930,   0.04638958,   1.05816483
    189677,   0.04091930,   0.04028571,   1.06426811
    189679,   0.04714751,   0.04028571,   1.05816483
    189681,   0.04091930,   0.05859733,   1.07037139
    189683,   0.02846301,   0.04638958,   1.06426811
    189686,   0.03469121,   0.05249345,   1.06426811
    189688,   0.03469121,   0.05249345,   1.07037139
    189690,   0.03469121,   0.05249345,   1.05206132
    189692,   0.04714751,   0.04638958,   1.05816483
    189694,   0.04091930,   0.05249345,   1.05206132
    189697,   0.02846301,   0.05249345,   1.05816483
    189699,   0.03469121,   0.05859733,   1.07037139
    189702,   0.03469121,   0.03418183,   1.06426811
    189704,   0.02846301,   0.04028571,   1.06426811
    189706,   0.03469121,   0.04638958,   1.05816483
    189708,   0.04091930,   0.05249345,   1.06426811
    189710,   0.04714751,   0.05249345,   1.05206132
    189712,   0.02223480,   0.04028571,   1.07037139
    189714,   0.02846301,   0.05249345,   1.06426811
    189717,   0.04091930,   0.05249345,   1.06426811
    189719,   0.02223480,   0.04028571,   1.05816483
    189721,   0.04714751,   0.04638958,   1.06426811
    189723,   0.03469121,   0.04638958,   1.05816483
    189725,   0.04091930,   0.04028571,   1.05816483
    189727,   0.03469121,   0.04638958,   1.05816483
    189729,   0.03469121,   0.04638958,   1.06426811
    189732,   0.03469121,   0.05859733,   1.06426811
    189734,   0.03469121,   0.04638958,   1.07647467
    189736,   0.03469121,   0.05249345,   1.06426811
    189739,   0.02846301,   0.03418183,   1.06426811
    189741,   0.03469121,   0.05859733,   1.06426811
    189743,   0.04091930,   0.05859733,   1.05206132
    189745,   0.03469121,   0.05249345,   1.06426811
    189747,   0.02846301,   0.05249345,   1.05816483
    189750,   0.04091930,   0.05859733,   1.05816483
    189752,   0.03469121,   0.04638958,   1.05816483
    189754,   0.03469121,   0.05249345,   1.06426811
    189756,   0.04091930,   0.04638958,   1.06426811
    189758,   0.03469121,   0.04638958,   1.05206132
    189760,   0.03469121,   0.05859733,   1.06426811
    189762,   0.04091930,   0.04638958,   1.07037139
    189765,   0.04091930,   0.05249345,   1.05816483
    189767,   0.03469121,   0.04638958,   1.05816483
    189769,   0.04091930,   0.05859733,   1.07037139
    189771,   0.03469121,   0.04638958,   1.06426811
    189773,   0.03469121,   0.04638958,   1.06426811
    189775,   0.03469121,   0.04638958,   1.05206132
    189777,   0.04714751,   0.04638958,   1.05816483
    189780,   0.03469121,   0.04638958,   1.06426811
    189783,   0.04091930,   0.05249345,   1.05816483
    189785,   0.04714751,   0.05249345,   1.05816483
    189787,   0.03469121,   0.05249345,   1.05206132
    189789,   0.02846301,   0.05249345,   1.05816483
    189791,   0.04091930,   0.04638958,   1.06426811
    189793,   0.04714751,   0.05859733,   1.07037139
    189795,   0.04091930,   0.04028571,   1.07037139
    189798,   0.03469121,   0.04638958,   1.06426811
    189800,   0.02846301,   0.05249345,   1.06426811
    189802,   0.02846301,   0.05249345,   1.07037139
    189804,   0.02846301,   0.05859733,   1.06426811
    189806,   0.02846301,   0.06470120,   1.06426811
    189808,   0.03469121,   0.05859733,   1.05816483
    189810,   0.03469121,   0.05249345,   1.06426811
    189813,   0.04091930,   0.04028571,   1.05206132
    189815,   0.02846301,   0.05249345,   1.05816483
    189817,   0.04091930,   0.06470120,   1.05816483
    189819,   0.04091930,   0.04638958,   1.05816483
    189821,   0.04091930,   0.04028571,   1.07037139
    189824,   0.04091930,   0.04638958,   1.05816483
    189826,   0.03469121,   0.04638958,   1.05206132
    189828,   0.04091930,   0.04638958,   1.05206132
    189831,   0.04714751,   0.04028571,   1.06426811
    189833,   0.03469121,   0.04638958,   1.06426811
    189835,   0.04714751,   0.05859733,   1.07037139
    189837,   0.03469121,   0.04638958,   1.05206132
    189839,   0.04091930,   0.05249345,   1.05206132
    189841,   0.04091930,   0.04028571,   1.07647467
    189843,   0.03469121,   0.05249345,   1.06426811
    189846,   0.03469121,   0.05859733,   1.07037139
    189848,   0.04091930,   0.04028571,   1.06426811
    189850,   0.03469121,   0.05249345,   1.07037139
    189852,   0.02846301,   0.05249345,   1.05816483
    189854,   0.04091930,   0.05249345,   1.04595804
    189856,   0.04091930,   0.05249345,   1.07037139
    189858,   0.04091930,   0.04638958,   1.06426811
    189861,   0.03469121,   0.05249345,   1.05816483
    189863,   0.03469121,   0.04638958,   1.06426811
    189865,   0.04091930,   0.06470120,   1.05816483
    189868,   0.02846301,   0.05249345,   1.06426811
    189870,   0.02846301,   0.05249345,   1.05206132
    189872,   0.03469121,   0.04028571,   1.05816483
    189874,   0.02846301,   0.04638958,   1.06426811
    189876,   0.04091930,   0.04638958,   1.07037139
    189879,   0.04714751,   0.04638958,   1.06426811
    189881,   0.02846301,   0.05249345,   1.07037139
    189883,   0.04714751,   0.04638958,   1.05816483
    189885,   0.03469121,   0.05249345,   1.04595804
    189887,   0.03469121,   0.05249345,   1.05816483
    189889,   0.04091930,   0.05249345,   1.05816483
    189891,   0.02846301,   0.05249345,   1.05206132
    189894,   0.03469121,   0.05249345,   1.06426811
    189896,   0.02846301,   0.04638958,   1.06426811
    189898,   0.02846301,   0.05249345,   1.05206132
    189900,   0.04714751,   0.04638958,   1.05816483
    189902,   0.03469121,   0.05249345,   1.06426811
    189904,   0.04091930,   0.04638958,   1.06426811
    189906,   0.04714751,   0.05249345,   1.05816483
    189910,   0.04091930,   0.04638958,   1.05816483
    189912,   0.04091930,   0.05249345,   1.06426811
    189914,   0.04091930,   0.04638958,   1.06426811
    189916,   0.03469121,   0.04638958,   1.06426811
    189918,   0.04091930,   0.04638958,   1.05816483
    189920,   0.04091930,   0.04638958,   1.07037139
    189922,   0.03469121,   0.05859733,   1.06426811
    189925,   0.04091930,   0.05249345,   1.05816483
    189927,   0.03469121,   0.05249345,   1.05206132
    189929,   0.04091930,   0.04638958,   1.05206132
    189931,   0.02846301,   0.04638958,   1.05816483
    189933,   0.02846301,   0.04638958,   1.05206132
    189935,   0.03469121,   0.04638958,   1.06426811
    189937,   0.02846301,   0.05859733,   1.06426811
    189939,   0.02846301,   0.05249345,   1.05816483
    189942,   0.04091930,   0.04638958,   1.06426811
    189944,   0.04091930,   0.05859733,   1.07037139
    189946,   0.04091930,   0.04638958,   1.06426811
    189948,   0.03469121,   0.05859733,   1.05816483
    189950,   0.02846301,   0.04638958,   1.05816483
    189953,   0.04091930,   0.05249345,   1.05206132
    189955,   0.03469121,   0.05249345,   1.05816483
    189958,   0.02846301,   0.04638958,   1.07037139
    189960,   0.04091930,   0.05249345,   1.06426811
    189962,   0.02846301,   0.05249345,   1.05816483
    189964,   0.02846301,   0.04028571,   1.06426811
    189966,   0.04091930,   0.04638958,   1.06426811
    189968,   0.04091930,   0.04638958,   1.07037139
    189970,   0.04091930,   0.04028571,   1.06426811
    189972,   0.03469121,   0.05249345,   1.05206132
    189975,   0.04091930,   0.05249345,   1.05816483
    189977,   0.02846301,   0.05249345,   1.07647467
    189979,   0.02846301,   0.05249345,   1.05816483
    189981,   0.03469121,   0.05859733,   1.05206132
    189983,   0.02846301,   0.05249345,   1.06426811
    189985,   0.03469121,   0.05859733,   1.06426811
    189987,   0.04714751,   0.05249345,   1.05816483
    189990,   0.03469121,   0.04638958,   1.06426811
    189992,   0.02846301,   0.03418183,   1.06426811
    189995,   0.04091930,   0.05249345,   1.05206132
    189997,   0.04714751,   0.05249345,   1.05816483
    189999,   0.04091930,   0.04638958,   1.06426811
    190001,   0.03469121,   0.04638958,   1.05816483
    190003,   0.02846301,   0.04638958,   1.05816483
    190006,   0.04714751,   0.04638958,   1.05816483
    190008,   0.04091930,   0.05249345,   1.05816483
    190010,   0.04091930,   0.05249345,   1.05816483
    190012,   0.04091930,   0.04028571,   1.07037139
    190014,   0.03469121,   0.04638958,   1.07037139
    190016,   0.03469121,   0.04638958,   1.07037139
    190018,   0.02223480,   0.04638958,   1.04595804
    190020,   0.02846301,   0.05249345,   1.05206132
    190023,   0.02846301,   0.04638958,   1.05816483
    190025,   0.04091930,   0.05249345,   1.05816483
    190027,   0.03469121,   0.05249345,   1.06426811
    190029,   0.04091930,   0.05249345,   1.05816483
    190031,   0.02846301,   0.05859733,   1.06426811
    190033,   0.03469121,   0.05249345,   1.07037139
    190035,   0.02846301,   0.04638958,   1.05816483
    190039,   0.04091930,   0.05249345,   1.05206132
    190041,   0.03469121,   0.04638958,   1.05816483
    190043,   0.03469121,   0.05249345,   1.07037139
    190045,   0.02846301,   0.04638958,   1.07037139
    190047,   0.04091930,   0.04638958,   1.05816483
    190049,   0.02223480,   0.05859733,   1.07037139
    190051,   0.04091930,   0.04638958,   1.07037139
    190054,   0.03469121,   0.05249345,   1.05816483
    190056,   0.03469121,   0.06470120,   1.07037139
    190058,   0.04714751,   0.04638958,   1.05816483
    190060,   0.04091930,   0.04638958,   1.06426811
    190062,   0.03469121,   0.05249345,   1.06426811
    190064,   0.05337572,   0.04638958,   1.07647467
    190066,   0.02846301,   0.04028571,   1.06426811
    190068,   0.04091930,   0.06470120,   1.05816483
    190071,   0.03469121,   0.04638958,   1.05816483
    190073,   0.02846301,   0.04638958,   1.05206132
    190075,   0.03469121,   0.05859733,   1.06426811
    190077,   0.04091930,   0.04638958,   1.06426811
    190080,   0.03469121,   0.04638958,   1.06426811
    190082,   0.02846301,   0.03418183,   1.05206132
    190084,   0.03469121,   0.04638958,   1.06426811
    190087,   0.04091930,   0.04028571,   1.07037139
    190089,   0.03469121,   0.05249345,   1.05816483
    190091,   0.04714751,   0.06470120,   1.07037139
    190093,   0.03469121,   0.05859733,   1.06426811
    190095,   0.03469121,   0.05859733,   1.06426811
    190097,   0.03469121,   0.04638958,   1.06426811
    190099,   0.02223480,   0.05249345,   1.05816483
    190102,   0.02223480,   0.04638958,   1.07037139
    190104,   0.03469121,   0.04638958,   1.05816483
    190106,   0.03469121,   0.05859733,   1.05816483
    190108,   0.04091930,   0.05249345,   1.05816483
    190110,   0.03469121,   0.05249345,   1.06426811
    190112,   0.02846301,   0.04028571,   1.05816483
    190114,   0.02846301,   0.05249345,   1.07037139
    190116,   0.02846301,   0.04638958,   1.06426811
    190119,   0.04714751,   0.04638958,   1.05816483
    190121,   0.03469121,   0.05249345,   1.07037139
    190124,   0.04091930,   0.04028571,   1.06426811
    190126,   0.04091930,   0.05249345,   1.05206132
    190128,   0.02223480,   0.05249345,   1.06426811
    190130,   0.03469121,   0.05249345,   1.05206132
    190132,   0.03469121,   0.05249345,   1.06426811
    190135,   0.04091930,   0.04638958,   1.05206132
    190137,   0.02846301,   0.05249345,   1.05816483
    190139,   0.02846301,   0.05249345,   1.06426811
    190141,   0.03469121,   0.04638958,   1.07037139
    190143,   0.03469121,   0.05249345,   1.06426811
    190145,   0.03469121,   0.03418183,   1.05816483
    190147,   0.02846301,   0.04638958,   1.06426811
    190150,   0.02846301,   0.04028571,   1.05206132
    190152,   0.02223480,   0.05859733,   1.06426811
    190154,   0.03469121,   0.05859733,   1.05206132
    190156,   0.04091930,   0.04638958,   1.05816483
    190158,   0.03469121,   0.05249345,   1.05816483
    190160,   0.02846301,   0.04638958,   1.05206132
    190162,   0.03469121,   0.05249345,   1.06426811
    190166,   0.03469121,   0.04638958,   1.06426811
    190168,   0.03469121,   0.05859733,   1.07037139
    190170,   0.03469121,   0.05249345,   1.06426811
    190172,   0.02846301,   0.04638958,   1.04595804
    190174,   0.02846301,   0.04028571,   1.06426811
    190176,   0.04714751,   0.05249345,   1.06426811
    190178,   0.04091930,   0.05859733,   1.05816483
    190180,   0.03469121,   0.05249345,   1.07037139
    190183,   0.04091930,   0.04028571,   1.07647467
    190185,   0.03469121,   0.05249345,   1.06426811
    190187,   0.02846301,   0.06470120,   1.05816483
    190189,   0.02846301,   0.06470120,   1.06426811
    190191,   0.01600659,   0.05249345,   1.05816483
    190193,   0.04091930,   0.05859733,   1.07037139
    190195,   0.04091930,   0.05249345,   1.05816483
    190198,   0.03469121,   0.05859733,   1.05816483
    190200,   0.02846301,   0.05249345,   1.05816483
    190202,   0.03469121,   0.04638958,   1.05206132
    190204,   0.02846301,   0.05249345,   1.05816483
    190206,   0.02223480,   0.04638958,   1.06426811
    190209,   0.04091930,   0.05249345,   1.05816483
    190211,   0.03469121,   0.05249345,   1.05816483
    190214,   0.02846301,   0.05249345,   1.06426811
    190216,   0.03469121,   0.05859733,   1.06426811
    190218,   0.03469121,   0.04638958,   1.05816483
    190220,   0.03469121,   0.05249345,   1.06426811
    190222,   0.02846301,   0.05249345,   1.06426811
    190224,   0.03469121,   0.05249345,   1.05816483
    190226,   0.02223480,   0.04638958,   1.06426811
    190229,   0.04091930,   0.05249345,   1.06426811
    190231,   0.02846301,   0.04638958,   1.05816483
    190233,   0.03469121,   0.05859733,   1.05816483
    190235,   0.03469121,   0.05249345,   1.05206132
    190237,   0.03469121,   0.04638958,   1.06426811
    190239,   0.03469121,   0.05859733,   1.05816483
    190241,   0.03469121,   0.05859733,   1.05816483
    190244,   0.02223480,   0.04638958,   1.06426811
    190246,   0.02846301,   0.05249345,   1.06426811
    190248,   0.04091930,   0.05249345,   1.06426811
    190251,   0.04091930,   0.05859733,   1.05816483
    190253,   0.04714751,   0.05859733,   1.06426811
    190255,   0.02846301,   0.05859733,   1.07037139
    190257,   0.04091930,   0.04638958,   1.07647467
    190259,   0.02846301,   0.05249345,   1.07037139
    190262,   0.02846301,   0.04638958,   1.06426811
    190264,   0.03469121,   0.05859733,   1.06426811
    190266,   0.04091930,   0.04638958,   1.05816483
    190268,   0.02223480,   0.05249345,   1.07037139
    190270,   0.02846301,   0.05249345,   1.05816483
    190272,   0.02846301,   0.05249345,   1.05816483
    190274,   0.04091930,   0.05249345,   1.06426811
    190277,   0.04091930,   0.05249345,   1.07037139
    190279,   0.04091930,   0.04638958,   1.05816483
    190281,   0.03469121,   0.05249345,   1.06426811
    190283,   0.04091930,   0.05859733,   1.06426811
    190285,   0.02846301,   0.05859733,   1.05816483
    190287,   0.02846301,   0.05859733,   1.05816483
    190289,   0.03469121,   0.05859733,   1.05206132
    190292,   0.04091930,   0.04638958,   1.05816483
    190295,   0.04091930,   0.04028571,   1.05816483
    190297,   0.04091930,   0.05859733,   1.07037139
    190299,   0.02846301,   0.05249345,   1.07037139
    190301,   0.04091930,   0.05249345,   1.06426811
    190303,   0.04091930,   0.04028571,   1.05816483
    190305,   0.04091930,   0.05249345,   1.06426811
    190307,   0.02846301,   0.05859733,   1.06426811
    190310,   0.04091930,   0.04028571,   1.05816483
    190312,   0.02846301,   0.04638958,   1.05816483
    190314,   0.02846301,   0.04028571,   1.06426811
    190316,   0.02846301,   0.04638958,   1.05816483
    190318,   0.04714751,   0.04028571,   1.05816483
    190320,   0.03469121,   0.04638958,   1.05206132
    190322,   0.03469121,   0.05249345,   1.05206132
    190325,   0.04091930,   0.05859733,   1.05206132
    190327,   0.02223480,   0.05249345,   1.06426811
    190329,   0.04714751,   0.04638958,   1.04595804
    190331,   0.03469121,   0.04028571,   1.05816483
    190333,   0.04091930,   0.04638958,   1.06426811
    190336,   0.04091930,   0.04638958,   1.07037139
    190338,   0.02846301,   0.05249345,   1.05816483
    190341,   0.03469121,   0.05249345,   1.05206132
    190343,   0.03469121,   0.05249345,   1.05206132
    190345,   0.03469121,   0.05249345,   1.06426811
    190347,   0.03469121,   0.05249345,   1.06426811
    190349,   0.02846301,   0.05249345,   1.06426811
    190351,   0.03469121,   0.04638958,   1.05206132
    190353,   0.03469121,   0.05249345,   1.07037139
    190356,   0.03469121,   0.05859733,   1.04595804
    190358,   0.02846301,   0.05859733,   1.07037139
    190360,   0.02846301,   0.04638958,   1.06426811
    190362,   0.04091930,   0.04638958,   1.05816483
    190364,   0.04091930,   0.05249345,   1.05816483
    190366,   0.03469121,   0.05249345,   1.06426811
    190368,   0.04091930,   0.05859733,   1.05816483
    190370,   0.04091930,   0.05249345,   1.06426811
    190373,   0.03469121,   0.04638958,   1.05816483
    190375,   0.03469121,   0.05249345,   1.07037139
    190377,   0.04091930,   0.05249345,   1.05816483
    190380,   0.03469121,   0.04638958,   1.05816483
    190382,   0.03469121,   0.05859733,   1.05206132
    190384,   0.04091930,   0.05249345,   1.05206132
    190386,   0.04091930,   0.05859733,   1.06426811
    190389,   0.03469121,   0.04638958,   1.05816483
    190391,   0.03469121,   0.04638958,   1.06426811
    190393,   0.04714751,   0.05249345,   1.07037139
    190395,   0.02223480,   0.05249345,   1.07037139
    190397,   0.03469121,   0.04638958,   1.06426811
    190399,   0.02846301,   0.05859733,   1.06426811
    190401,   0.02846301,   0.05249345,   1.06426811
    190403,   0.03469121,   0.05249345,   1.06426811
    190406,   0.03469121,   0.04028571,   1.05816483
    190408,   0.03469121,   0.04638958,   1.05816483
    190410,   0.03469121,   0.04638958,   1.05206132
    190412,   0.03469121,   0.05249345,   1.07037139
    190414,   0.03469121,   0.05249345,   1.06426811
    190416,   0.02846301,   0.05249345,   1.05816483
    190418,   0.04091930,   0.04028571,   1.05816483
    190422,   0.04091930,   0.05249345,   1.05816483
    190424,   0.03469121,   0.05249345,   1.05816483
    190426,   0.03469121,   0.05859733,   1.06426811
    190428,   0.03469121,   0.05249345,   1.05206132
    190430,   0.02846301,   0.05249345,   1.05816483
    190432,   0.03469121,   0.05249345,   1.05816483
    190434,   0.03469121,   0.05249345,   1.06426811
    190437,   0.03469121,   0.04638958,   1.05816483
    190439,   0.03469121,   0.05859733,   1.05816483
    190441,   0.02223480,   0.05249345,   1.05206132
    190443,   0.04091930,   0.04638958,   1.05816483
    190445,   0.04091930,   0.04638958,   1.05206132
    190447,   0.04091930,   0.04028571,   1.05206132
    190449,   0.04091930,   0.05249345,   1.06426811
    190452,   0.03469121,   0.05249345,   1.05816483
    190454,   0.03469121,   0.05859733,   1.05816483
    190456,   0.04714751,   0.05859733,   1.07037139
    190458,   0.02846301,   0.05859733,   1.05206132
    190460,   0.03469121,   0.05249345,   1.05206132
    190462,   0.02223480,   0.04638958,   1.05816483
    190465,   0.02846301,   0.05249345,   1.05206132
    190468,   0.02846301,   0.04028571,   1.05816483
    190470,   0.04091930,   0.03418183,   1.06426811
    190472,   0.04091930,   0.04638958,   1.07037139
    190474,   0.03469121,   0.05859733,   1.06426811
    190476,   0.04091930,   0.05859733,   1.05816483
    190478,   0.03469121,   0.04638958,   1.06426811
    190480,   0.03469121,   0.05249345,   1.06426811
    190482,   0.02223480,   0.05249345,   1.06426811
    190485,   0.04091930,   0.04028571,   1.05816483
    190487,   0.02846301,   0.04638958,   1.05816483
    190489,   0.03469121,   0.05249345,   1.06426811
    190491,   0.03469121,   0.05249345,   1.05816483
    190493,   0.02846301,   0.05249345,   1.07037139
    190495,   0.03469121,   0.05249345,   1.07037139
    190497,   0.04091930,   0.04638958,   1.07037139
    190500,   0.03469121,   0.05249345,   1.05816483
    190502,   0.03469121,   0.05249345,   1.05816483
    190504,   0.04091930,   0.05249345,   1.05816483
    190507,   0.03469121,   0.04638958,   1.07037139
    190509,   0.03469121,   0.05249345,   1.06426811
    190511,   0.02223480,   0.05249345,   1.05816483
    190513,   0.04091930,   0.05249345,   1.05816483
    190516,   0.04091930,   0.04638958,   1.06426811
    190518,   0.04091930,   0.03418183,   1.05816483
    190520,   0.02846301,   0.05249345,   1.05816483
    190522,   0.03469121,   0.05859733,   1.06426811
    190524,   0.03469121,   0.04638958,   1.05206132
    190526,   0.04091930,   0.05249345,   1.06426811
    190528,   0.04091930,   0.05249345,   1.05816483
    190530,   0.03469121,   0.05249345,   1.05816483
    190533,   0.02846301,   0.04638958,   1.05816483
    190535,   0.02846301,   0.04638958,   1.06426811
    190537,   0.04091930,   0.04638958,   1.05816483
    190539,   0.04091930,   0.05249345,   1.05816483
    190541,   0.03469121,   0.04638958,   1.07037139
    190543,   0.03469121,   0.05859733,   1.07037139
    190545,   0.02846301,   0.03418183,   1.06426811
    190548,   0.02223480,   0.04638958,   1.07037139
    190551,   0.04091930,   0.05859733,   1.06426811
    190553,   0.03469121,   0.05249345,   1.06426811
    190555,   0.03469121,   0.05249345,   1.05816483
    190557,   0.02846301,   0.04638958,   1.05816483
    190559,   0.03469121,   0.05859733,   1.05206132
    190561,   0.03469121,   0.04638958,   1.05206132
    190563,   0.04091930,   0.04028571,   1.06426811
    190566,   0.04091930,   0.05249345,   1.07647467
    190568,   0.03469121,   0.04638958,   1.06426811
    190570,   0.04714751,   0.04028571,   1.05816483
    190572,   0.04091930,   0.05249345,   1.05816483
    190574,   0.03469121,   0.05249345,   1.06426811
    190576,   0.04091930,   0.05859733,   1.05206132
    190578,   0.04714751,   0.03418183,   1.06426811
    190581,   0.04091930,   0.04028571,   1.06426811
    190583,   0.02846301,   0.04638958,   1.05206132
    190585,   0.02846301,   0.05249345,   1.06426811
    190587,   0.04091930,   0.05249345,   1.06426811
    190589,   0.02846301,   0.04028571,   1.05206132
    190592,   0.04714751,   0.04028571,   1.05206132
    190594,   0.02846301,   0.05249345,   1.05816483
    190597,   0.03469121,   0.05859733,   1.06426811
    190599,   0.02846301,   0.04638958,   1.07037139
    190601,   0.04091930,   0.04638958,   1.05816483
    190603,   0.03469121,   0.05249345,   1.06426811
    190605,   0.02846301,   0.05249345,   1.05816483
    190607,   0.02846301,   0.04638958,   1.06426811
    190609,   0.04714751,   0.05249345,   1.06426811
    190611,   0.04091930,   0.04638958,   1.05206132
    190614,   0.03469121,   0.04638958,   1.05816483
    190616,   0.02223480,   0.05859733,   1.05206132
    190618,   0.03469121,   0.06470120,   1.06426811
    190620,   0.02846301,   0.05249345,   1.06426811
    190622,   0.04091930,   0.05249345,   1.05816483
    190624,   0.04091930,   0.05249345,   1.07037139
    190626,   0.02846301,   0.04638958,   1.06426811
    190629,   0.03469121,   0.04638958,   1.06426811
    190631,   0.02846301,   0.05249345,   1.05816483
    190633,   0.02846301,   0.05249345,   1.05206132
    190636,   0.02846301,   0.05859733,   1.05206132
    190638,   0.04091930,   0.05249345,   1.07647467
    190640,   0.03469121,   0.05249345,   1.05816483
    190642,   0.03469121,   0.05249345,   1.06426811
    190645,   0.04091930,   0.04028571,   1.06426811
    190647,   0.03469121,   0.05859733,   1.06426811
    190649,   0.02846301,   0.04638958,   1.05816483
    190651,   0.02846301,   0.05249345,   1.06426811
    190653,   0.02846301,   0.05249345,   1.05206132
    190655,   0.04714751,   0.05249345,   1.05816483
    190657,   0.04091930,   0.04638958,   1.05816483
    190659,   0.02846301,   0.05249345,   1.06426811
    190662,   0.03469121,   0.04638958,   1.05816483
    190664,   0.02846301,   0.05249345,   1.06426811
    190666,   0.02846301,   0.04638958,   1.05816483
    190668,   0.04714751,   0.04638958,   1.05206132
    190670,   0.02223480,   0.04638958,   1.05816483
    190672,   0.04091930,   0.05249345,   1.05206132
    190674,   0.03469121,   0.05859733,   1.05206132
    190678,   0.03469121,   0.05859733,   1.05816483
    190680,   0.03469121,   0.04638958,   1.05816483
    190682,   0.03469121,   0.04028571,   1.06426811
    190684,   0.03469121,   0.05249345,   1.05816483
    190686,   0.02846301,   0.05249345,   1.07037139
    190688,   0.04714751,   0.05249345,   1.07037139
    190690,   0.03469121,   0.05249345,   1.07647467
    190693,   0.02846301,   0.04638958,   1.05206132
    190695,   0.03469121,   0.05249345,   1.05816483
    190697,   0.04714751,   0.04638958,   1.04595804
    190699,   0.03469121,   0.05249345,   1.06426811
    190701,   0.02846301,   0.05249345,   1.07037139
    190703,   0.03469121,   0.04638958,   1.05816483
    190705,   0.04091930,   0.04638958,   1.07037139
    190708,   0.04091930,   0.05859733,   1.05206132
    190710,   0.03469121,   0.05249345,   1.07037139
    190712,   0.03469121,   0.05249345,   1.06426811
    190714,   0.02846301,   0.04638958,   1.06426811
    190716,   0.03469121,   0.04638958,   1.05206132
    190718,   0.03469121,   0.03418183,   1.06426811
    190721,   0.03469121,   0.05249345,   1.05206132
    190723,   0.04091930,   0.05249345,   1.05816483
    190726,   0.04714751,   0.04638958,   1.06426811
    190728,   0.04091930,   0.05249345,   1.05816483
    190730,   0.03469121,   0.05249345,   1.05206132
    190732,   0.03469121,   0.05249345,   1.05816483
    190734,   0.04091930,   0.05249345,   1.06426811
    190736,   0.04091930,   0.04638958,   1.05816483
    190738,   0.04714751,   0.05249345,   1.06426811
    190741,   0.04091930,   0.05249345,   1.06426811
    190743,   0.04091930,   0.04638958,   1.05816483
    190745,   0.02846301,   0.04638958,   1.06426811
    190747,   0.04091930,   0.05249345,   1.05816483
    190749,   0.03469121,   0.05249345,   1.06426811
    190751,   0.02223480,   0.03418183,   1.06426811
    190753,   0.03469121,   0.05249345,   1.05816483
    190756,   0.03469121,   0.04638958,   1.06426811
    190758,   0.04091930,   0.05249345,   1.06426811
    190760,   0.03469121,   0.04028571,   1.06426811
    190763,   0.02846301,   0.05249345,   1.05816483
    190765,   0.02846301,   0.04638958,   1.06426811
    190767,   0.03469121,   0.05249345,   1.07037139
    190769,   0.02846301,   0.05249345,   1.05206132
    190771,   0.02846301,   0.05249345,   1.05816483
    190774,   0.03469121,   0.04638958,   1.06426811
    190776,   0.02846301,   0.05249345,   1.06426811
    190778,   0.03469121,   0.05859733,   1.06426811
    190780,   0.03469121,   0.05249345,   1.06426811
    190782,   0.03469121,   0.05249345,   1.07037139
    190784,   0.03469121,   0.04028571,   1.06426811
    190786,   0.04714751,   0.05249345,   1.06426811
    190789,   0.03469121,   0.03418183,   1.05816483
    190791,   0.04091930,   0.05249345,   1.07037139
    190793,   0.02846301,   0.05249345,   1.06426811
    190795,   0.04091930,   0.05249345,   1.07037139
    190797,   0.03469121,   0.05249345,   1.05206132
    190799,   0.03469121,   0.05249345,   1.05816483
    190801,   0.03469121,   0.05249345,   1.06426811
    190804,   0.03469121,   0.05249345,   1.05816483
    190807,   0.04091930,   0.04638958,   1.07037139
    190809,   0.04091930,   0.04638958,   1.06426811
    190811,   0.02846301,   0.04638958,   1.05816483
    190813,   0.02846301,   0.04638958,   1.07037139
    190815,   0.04091930,   0.05859733,   1.07647467
    190817,   0.02846301,   0.05859733,   1.07647467
    190819,   0.03469121,   0.05859733,   1.05816483
    190822,   0.03469121,   0.04638958,   1.07037139
    190824,   0.02846301,   0.04638958,   1.06426811
    190826,   0.03469121,   0.04638958,   1.06426811
    190828,   0.04091930,   0.06470120,   1.05816483
    190830,   0.04714751,   0.04638958,   1.06426811
    190832,   0.02846301,   0.04028571,   1.06426811
    190834,   0.04091930,   0.04638958,   1.05816483
    190837,   0.03469121,   0.05249345,   1.05206132
    190839,   0.04091930,   0.05249345,   1.06426811
    190841,   0.03469121,   0.05249345,   1.06426811
    190843,   0.04091930,   0.06470120,   1.06426811
    190845,   0.02846301,   0.04638958,   1.05816483
    190848,   0.02846301,   0.05249345,   1.05206132
    190850,   0.03469121,   0.05859733,   1.06426811
    190852,   0.02846301,   0.05859733,   1.05206132
    190855,   0.04091930,   0.05249345,   1.06426811
    190857,   0.04714751,   0.05249345,   1.06426811
    190859,   0.03469121,   0.05249345,   1.05816483
    190861,   0.03469121,   0.05859733,   1.05816483
    190863,   0.03469121,   0.05859733,   1.05816483
    190865,   0.03469121,   0.04638958,   1.06426811
    190867,   0.03469121,   0.04638958,   1.05816483
    190870,   0.02223480,   0.04638958,   1.06426811
    190872,   0.02846301,   0.04638958,   1.05816483
    190874,   0.04091930,   0.05249345,   1.05816483
    190876,   0.04091930,   0.06470120,   1.07037139
    190878,   0.03469121,   0.04638958,   1.07037139
    190880,   0.03469121,   0.05249345,   1.06426811
    190882,   0.04091930,   0.05249345,   1.05206132
    190885,   0.03469121,   0.04638958,   1.05206132
    190887,   0.04091930,   0.04638958,   1.05816483
    190889,   0.04091930,   0.05249345,   1.05206132
    190892,   0.04091930,   0.05249345,   1.06426811
    190894,   0.03469121,   0.05249345,   1.06426811
    190896,   0.03469121,   0.04638958,   1.05206132
    190898,   0.04091930,   0.04638958,   1.05816483
    190900,   0.03469121,   0.05859733,   1.05816483
    190903,   0.02846301,   0.04638958,   1.05816483
    190905,   0.02846301,   0.05249345,   1.08257794
    190907,   0.02223480,   0.04638958,   1.05206132
    190909,   0.02846301,   0.05859733,   1.06426811
    190911,   0.02846301,   0.04638958,   1.05816483
    190913,   0.02223480,   0.05859733,   1.07037139
    190915,   0.04091930,   0.05859733,   1.05816483
    190918,   0.03469121,   0.05249345,   1.06426811
    190920,   0.04091930,   0.05249345,   1.05206132
    190922,   0.03469121,   0.04638958,   1.05816483
    190924,   0.02846301,   0.04638958,   1.07037139
    190926,   0.03469121,   0.04638958,   1.05816483
    190928,   0.03469121,   0.05249345,   1.07037139
    190930,   0.03469121,   0.04638958,   1.06426811
    190932,   0.02846301,   0.04638958,   1.05206132
    190936,   0.04091930,   0.05249345,   1.05206132
    190938,   0.03469121,   0.05249345,   1.06426811
    190940,   0.03469121,   0.05249345,   1.06426811
    190942,   0.04091930,   0.04028571,   1.07037139
    190944,   0.02846301,   0.04638958,   1.06426811
    190946,   0.04714751,   0.04028571,   1.06426811
    190948,   0.02846301,   0.05249345,   1.06426811
    190951,   0.04091930,   0.04638958,   1.05816483
    190953,   0.02846301,   0.05859733,   1.06426811
    190955,   0.04091930,   0.05249345,   1.06426811
    190957,   0.03469121,   0.04638958,   1.06426811
    190959,   0.03469121,   0.06470120,   1.06426811
    190961,   0.02223480,   0.05249345,   1.07037139
    190963,   0.03469121,   0.05249345,   1.05816483
    190965,   0.03469121,   0.05859733,   1.07037139
    190968,   0.04091930,   0.05249345,   1.05816483
    190970,   0.03469121,   0.05859733,   1.05816483
    190972,   0.03469121,   0.05249345,   1.07037139
    190974,   0.03469121,   0.05859733,   1.05816483
    190977,   0.02846301,   0.04638958,   1.05816483
    190979,   0.02846301,   0.05249345,   1.06426811
    190981,   0.03469121,   0.05249345,   1.07037139
    190984,   0.02846301,   0.04638958,   1.06426811
    190986,   0.04091930,   0.04638958,   1.06426811
    190988,   0.04091930,   0.05859733,   1.05206132
    190990,   0.03469121,   0.05249345,   1.05816483
    190992,   0.04714751,   0.04638958,   1.06426811
    190994,   0.03469121,   0.05249345,   1.05816483
    190996,   0.04091930,   0.04028571,   1.06426811
    190999,   0.04714751,   0.04638958,   1.07037139
    191001,   0.03469121,   0.04638958,   1.06426811
    191003,   0.04714751,   0.05859733,   1.05816483
    191005,   0.03469121,   0.05249345,   1.05816483
    191007,   0.04091930,   0.04028571,   1.07037139
    191009,   0.03469121,   0.05859733,   1.05816483
    191011,   0.03469121,   0.05249345,   1.05816483
    191014,   0.02846301,   0.05859733,   1.06426811
    191016,   0.03469121,   0.06470120,   1.05816483
    191019,   0.03469121,   0.04638958,   1.05816483
    191021,   0.02846301,   0.04638958,   1.05816483
    191023,   0.02846301,   0.05249345,   1.05816483
    191025,   0.02846301,   0.05859733,   1.05816483
    191027,   0.04714751,   0.04638958,   1.05816483
    191030,   0.03469121,   0.04638958,   1.05816483
    191032,   0.04091930,   0.04028571,   1.06426811
    191034,   0.02846301,   0.05249345,   1.05206132
    191036,   0.01600659,   0.05249345,   1.04595804
    191038,   0.04091930,   0.04638958,   1.07037139
    191040,   0.02846301,   0.05249345,   1.05816483
    191042,   0.04091930,   0.04638958,   1.06426811
    191045,   0.03469121,   0.05249345,   1.05816483
    191047,   0.03469121,   0.05249345,   1.06426811
    191049,   0.03469121,   0.04638958,   1.05206132
    191051,   0.03469121,   0.05859733,   1.05816483
    191053,   0.03469121,   0.04638958,   1.05816483
    191055,   0.04091930,   0.05249345,   1.05816483
    191057,   0.04091930,   0.05859733,   1.05816483
    191059,   0.04091930,   0.05859733,   1.06426811
    191063,   0.03469121,   0.04638958,   1.07037139
    191065,   0.04091930,   0.06470120,   1.06426811
    191067,   0.02846301,   0.05249345,   1.07037139
    191069,   0.02846301,   0.05249345,   1.07037139
    191071,   0.02846301,   0.04638958,   1.05816483
    191073,   0.02846301,   0.05249345,   1.04595804
    191075,   0.03469121,   0.05249345,   1.04595804
    191078,   0.04091930,   0.05249345,   1.05816483
    191080,   0.03469121,   0.06470120,   1.05816483
    191082,   0.04714751,   0.04638958,   1.07037139
    191084,   0.03469121,   0.04638958,   1.05816483
    191086,   0.03469121,   0.04638958,   1.05816483
    191088,   0.03469121,   0.04028571,   1.05816483
    191090,   0.03469121,   0.04028571,   1.06426811
    191092,   0.03469121,   0.05859733,   1.06426811
    191095,   0.04091930,   0.04028571,   1.07037139
    191097,   0.03469121,   0.04638958,   1.05816483
    191099,   0.03469121,   0.05249345,   1.05816483
    191101,   0.03469121,   0.05249345,   1.05816483
    191104,   0.04091930,   0.05859733,   1.05206132
    191106,   0.03469121,   0.04638958,   1.05816483
    191108,   0.04714751,   0.05249345,   1.07037139
    191111,   0.03469121,   0.05249345,   1.06426811
    191113,   0.03469121,   0.05249345,   1.06426811
    191115,   0.04091930,   0.05859733,   1.06426811
    191117,   0.03469121,   0.05859733,   1.07037139
    191119,   0.02846301,   0.05249345,   1.07037139
    191121,   0.02846301,   0.05859733,   1.07647467
    191123,   0.03469121,   0.05249345,   1.05816483
    191126,   0.02846301,   0.05859733,   1.05816483
    191128,   0.03469121,   0.05249345,   1.06426811
    191130,   0.04714751,   0.04638958,   1.06426811
    191132,   0.04091930,   0.05859733,   1.05816483
    191134,   0.02846301,   0.05249345,   1.07037139
    191136,   0.02846301,   0.04638958,   1.06426811
    191138,   0.02846301,   0.05249345,   1.05206132


Arduino now in Stasis
Ready to run wrapper program

